epoch,step,train_loss
9,49,3.3518729209899902
19,99,3.9761743545532227
29,149,3.974186420440674
39,199,3.9382243156433105
49,249,1.7901437282562256
