epoch,step,train_loss
9,49,3.9989171028137207
19,99,4.448638916015625
29,149,6.520096778869629
39,199,6.1018171310424805
49,249,3.4206337928771973
