epoch,step,train_loss
9,49,7.835318565368652
19,99,5.994900703430176
